name,type,link,cat_1,cat_2,cat_3,cat_4,cat_5,cat_6,cat_7,cat_8,cat_9,cat_10
Whiskas Biftekli Konserve Kedi Maması 400 G,,https://www.migros.com.tr/whiskas-biftekli-konserve-kedi-mamasi-400-g-p-8a8ce0,Pet Shop,Kedi,Kedi Maması,,,,,,,
Gourmet Gold Kıyılmış Hındılı 85 G,,https://www.migros.com.tr/gourmet-gold-kiyilmis-hindili-85-g-p-271ff0f,Pet Shop,Kedi,Kedi Maması,,,,,,,
Gourmet Gold Kıyılmış Tavuklu 85 G,,https://www.migros.com.tr/gourmet-gold-kiyilmis-tavuklu-85-g-p-271ff10,Pet Shop,Kedi,Kedi Maması,,,,,,,
Gourmet Gold Kıyılmış Ton Balıklı 85 G,,https://www.migros.com.tr/gourmet-gold-kiyilmis-ton-balikli-85-g-p-271ff13,Pet Shop,Kedi,Kedi Maması,,,,,,,
Whiskas Tavuklu Konserve Kedi Maması 400 G,,https://www.migros.com.tr/whiskas-tavuklu-konserve-kedi-mamasi-400-g-p-8a8cdf,Pet Shop,Kedi,Kedi Maması,,,,,,,
Whiskas Ton Balıklı Konserve Yaş Mama 400 G,,https://www.migros.com.tr/whiskas-ton-balikli-konserve-yas-mama-400-g-p-8a8ce1,Pet Shop,Kedi,Kedi Maması,,,,,,,
Gourmet Gold Kıyılmış Sığr Etlı 85 G,,https://www.migros.com.tr/gourmet-gold-kiyilmis-sigr-etli-85-g-p-271ff14,Pet Shop,Kedi,Kedi Maması,,,,,,,
Gourmet Gold Parça Etli Soslu Sığır Etli 85 G,,https://www.migros.com.tr/gourmet-gold-parca-etli-soslu-sigir-etli-85-g-p-271ff0e,Pet Shop,Kedi,Kedi Maması,,,,,,,
Whıskas Tasty Mix Kuzulu & Havuçlu Yaş Mama 85 G,,https://www.migros.com.tr/whiskas-tasty-mix-kuzulu-havuclu-yas-mama-85-g-p-271ff6d,Pet Shop,Kedi,Kedi Maması,,,,,,,
Gourmet Gold Parça Etlı Somonlu Ve Tavuklu 85 G,,https://www.migros.com.tr/gourmet-gold-parca-etli-somonlu-ve-tavuklu-85-g-p-271ff12,Pet Shop,Kedi,Kedi Maması,,,,,,,
Gourmet Gold Parça Etlı Tavuklu Ve Cığerlı 85 G,,https://www.migros.com.tr/gourmet-gold-parca-etli-tavuklu-ve-cigerli-85-g-p-271ff11,Pet Shop,Kedi,Kedi Maması,,,,,,,
Whiskas Güveç 4'Lü Paket Et Seçenekleri,,https://www.migros.com.tr/whiskas-guvec-4lu-paket-et-secenekleri-p-271fede,Pet Shop,Kedi,Kedi Maması,,,,,,,
Whiskas Yavru Tavuklu Kuru Mama 300 G,,https://www.migros.com.tr/whiskas-yavru-tavuklu-kuru-mama-300-g-p-8a9c7d,Pet Shop,Kedi,Kedi Maması,,,,,,,
Felix Etli Konserve Kedi Maması 400 G,,https://www.migros.com.tr/felix-etli-konserve-kedi-mamasi-400-g-p-27215af,Pet Shop,Kedi,Kedi Maması,,,,,,,
Gourmet Perle Sığır Etli Pouch 85 G,,https://www.migros.com.tr/gourmet-perle-sigir-etli-pouch-85-g-p-271ff00,Pet Shop,Kedi,Kedi Maması,,,,,,,
Whiskas Biftekli Kuru Mama 300 G,,https://www.migros.com.tr/whiskas-biftekli-kuru-mama-300-g-p-8a9c7a,Pet Shop,Kedi,Kedi Maması,,,,,,,
Gourmet Perle Tavuk Etli Pouch 85 G,,https://www.migros.com.tr/gourmet-perle-tavuk-etli-pouch-85-g-p-271feff,Pet Shop,Kedi,Kedi Maması,,,,,,,
Felix Tavuklu Konserve 400 G,,https://www.migros.com.tr/felix-tavuklu-konserve-400-g-p-27215b0,Pet Shop,Kedi,Kedi Maması,,,,,,,
Purina One Steril Kedi Somonlu 800 G,,https://www.migros.com.tr/purina-one-steril-kedi-somonlu-800-g-p-271fec4,Pet Shop,Kedi,Kedi Maması,,,,,,,
Felix Ton Balıklı Yaş Mama 85G,,https://www.migros.com.tr/felix-ton-balikli-yas-mama-85g-p-280bede,Pet Shop,Kedi,Kedi Maması,,,,,,,
Friskies Yavru Kedi Maması 1.5 Kg,,https://www.migros.com.tr/friskies-yavru-kedi-mamasi-15-kg-p-271feb7,Pet Shop,Kedi,Kedi Maması,,,,,,,
Whiskas Ton Balıklı Kuru Mama 300 G,,https://www.migros.com.tr/whiskas-ton-balikli-kuru-mama-300-g-p-8a9c79,Pet Shop,Kedi,Kedi Maması,,,,,,,
Whiskas Tavuklu Kuru Mama 300 G,,https://www.migros.com.tr/whiskas-tavuklu-kuru-mama-300-g-p-8a9c7c,Pet Shop,Kedi,Kedi Maması,,,,,,,
Friskies Somonlu Kedi Maması 1.7 Kg,,https://www.migros.com.tr/friskies-somonlu-kedi-mamasi-17-kg-p-271feb6,Pet Shop,Kedi,Kedi Maması,,,,,,,
Wıiskas Etli Seçim Poşet Yaş Mama 4X85 G,,https://www.migros.com.tr/wiiskas-etli-secim-poset-yas-mama-4x85-g-p-271ff67,Pet Shop,Kedi,Kedi Maması,,,,,,,
Whiskas Güveç Yavru Seçenekler Yaş Mama 4X85 G,,https://www.migros.com.tr/whiskas-guvec-yavru-secenekler-yas-mama-4x85-g-p-271ff17,Pet Shop,Kedi,Kedi Maması,,,,,,,
Whıskas Kümes Hayvanlı Seçim Poşet Yaş Mama 4X85 G,,https://www.migros.com.tr/whiskas-kumes-hayvanli-secim-poset-yas-mama-4x85-g-p-271ff68,Pet Shop,Kedi,Kedi Maması,,,,,,,
Felix Somonlu Konserve 400 G,,https://www.migros.com.tr/felix-somonlu-konserve-400-g-p-27215ae,Pet Shop,Kedi,Kedi Maması,,,,,,,
Felix Avantajlı Somonlu Ton Balıklı Yaş Mama 4x85g,,https://www.migros.com.tr/felix-avantajli-somonlu-ton-balikli-yas-mama-4x85g-p-280beee,Pet Shop,Kedi,Kedi Maması,,,,,,,
Sheba Delikatesse Gravy Soslu Sığır Etli Yaş Mama 85G,,https://www.migros.com.tr/sheba-delikatesse-gravy-soslu-sigir-etli-yas-mama-85g-p-280bc87,Pet Shop,Kedi,Kedi Maması,,,,,,,
Sheba Pouch Tavuklu 85 G,,https://www.migros.com.tr/sheba-pouch-tavuklu-85-g-p-271feb1,Pet Shop,Kedi,Kedi Maması,,,,,,,
Friskies Tavuklu Kedi Maması 1.7 Kg,,https://www.migros.com.tr/friskies-tavuklu-kedi-mamasi-17-kg-p-271feb5,Pet Shop,Kedi,Kedi Maması,,,,,,,
"Bonnie Adult Kısır. Kedi Maması Chicken 1,5 Kg",,https://www.migros.com.tr/bonnie-adult-kisir-kedi-mamasi-chicken-15-kg-p-271fefd,Pet Shop,Kedi,Kedi Maması,,,,,,,
Bestpet Premium Tavuklu Kedi Pouch 85 G,,https://www.migros.com.tr/bestpet-premium-tavuklu-kedi-pouch-85-g-p-271ff3f,Pet Shop,Kedi,Kedi Maması,,,,,,,
Felix Sensation Somon Sardalya Yaş Mama 85G,,https://www.migros.com.tr/felix-sensation-somon-sardalya-yas-mama-85g-p-280beec,Pet Shop,Kedi,Kedi Maması,,,,,,,
Felix Tavuklu Yaş Mama 85G,,https://www.migros.com.tr/felix-tavuklu-yas-mama-85g-p-280bee0,Pet Shop,Kedi,Kedi Maması,,,,,,,
Felix Sığır Etli Yaş Mama 85G,,https://www.migros.com.tr/felix-sigir-etli-yas-mama-85g-p-280bee2,Pet Shop,Kedi,Kedi Maması,,,,,,,
Felix Avantajlı Paket Yavru Etli Tavuklu 4x85g,,https://www.migros.com.tr/felix-avantajli-paket-yavru-etli-tavuklu-4x85g-p-280bef0,Pet Shop,Kedi,Kedi Maması,,,,,,,
Whıskas Balıklı Seçim Poşet Yaş Mama 4X85 G,,https://www.migros.com.tr/whiskas-balikli-secim-poset-yas-mama-4x85-g-p-271ff6b,Pet Shop,Kedi,Kedi Maması,,,,,,,
Friskies Etli Yetişkin Kuru Kedi Maması 300 gr,,https://www.migros.com.tr/friskies-etli-yetiskin-kuru-kedi-mamasi-300-gr-p-271fe70,Pet Shop,Kedi,Kedi Maması,,,,,,,
Purina One Steril Kedi Sığır Etli 800 G,,https://www.migros.com.tr/purina-one-steril-kedi-sigir-etli-800-g-p-271fec5,Pet Shop,Kedi,Kedi Maması,,,,,,,
Sheba Somonlu Poşet Yaş Mama 85 G,,https://www.migros.com.tr/sheba-somonlu-poset-yas-mama-85-g-p-271feb2,Pet Shop,Kedi,Kedi Maması,,,,,,,
Whıskas Yavru Kediler İçin Paket Yaş Mama 4X85 G,,https://www.migros.com.tr/whiskas-yavru-kediler-icin-paket-yas-mama-4x85-g-p-271ff66,Pet Shop,Kedi,Kedi Maması,,,,,,,
Whiskas Tavuklu Kuru Mama 1.4 Kg,,https://www.migros.com.tr/whiskas-tavuklu-kuru-mama-14-kg-p-8a9dd5,Pet Shop,Kedi,Kedi Maması,,,,,,,
Croque Kedi Tavuklu 1.5 Kg,,https://www.migros.com.tr/croque-kedi-tavuklu-15-kg-p-271feea,Pet Shop,Kedi,Kedi Maması,,,,,,,
Bestpet Premium Tavuklu Yetişkin Pounch 85 G,,https://www.migros.com.tr/bestpet-premium-tavuklu-yetiskin-pounch-85-g-p-271ff3e,Pet Shop,Kedi,Kedi Maması,,,,,,,
Felix Lezzetli Dilimler Yaş Mama Somonlu 80G,,https://www.migros.com.tr/felix-lezzetli-dilimler-yas-mama-somonlu-80g-p-280bbba,Pet Shop,Kedi,Kedi Maması,,,,,,,
Purina One Tavuklu Yetişkin Kuru Kedi Maması 800 gr,,https://www.migros.com.tr/purina-one-tavuklu-yetiskin-kuru-kedi-mamasi-800-gr-p-271fec6,Pet Shop,Kedi,Kedi Maması,,,,,,,
Felix Lezzetli Dilimler Yaş Mama Ördekli 80G,,https://www.migros.com.tr/felix-lezzetli-dilimler-yas-mama-ordekli-80g-p-280bbbb,Pet Shop,Kedi,Kedi Maması,,,,,,,
Felix Kuru Kedi Maması Etli Tavuklu 375 G,,https://www.migros.com.tr/felix-kuru-kedi-mamasi-etli-tavuklu-375-g-p-280be8a,Pet Shop,Kedi,Kedi Maması,,,,,,,
Perfect Fit Yetişkin Sığırlı Kuru Mama 750 G,,https://www.migros.com.tr/perfect-fit-yetiskin-sigirli-kuru-mama-750-g-p-271ff55,Pet Shop,Kedi,Kedi Maması,,,,,,,
Croque Yavru Kedi Tavuklu 1.5 Kg,,https://www.migros.com.tr/croque-yavru-kedi-tavuklu-15-kg-p-271feeb,Pet Shop,Kedi,Kedi Maması,,,,,,,
Felix Sensation Tavuklu Havuçlu 85G,,https://www.migros.com.tr/felix-sensation-tavuklu-havuclu-85g-p-280beeb,Pet Shop,Kedi,Kedi Maması,,,,,,,
Bestpet Gurme Yavru Kedi Tavuklu Jöleli Mama 100G,,https://www.migros.com.tr/bestpet-gurme-yavru-kedi-tavuklu-joleli-mama-100g-p-280dc80,Pet Shop,Kedi,Kedi Maması,,,,,,,
Felix Yavru Sığır Etli Yaş Mama 85G,,https://www.migros.com.tr/felix-yavru-sigir-etli-yas-mama-85g-p-280bee8,Pet Shop,Kedi,Kedi Maması,,,,,,,
Bonnie Biftekli Kedi Konserve Sos İçinde 415 G,,https://www.migros.com.tr/bonnie-biftekli-kedi-konserve-sos-icinde-415-g-p-8a8d49,Pet Shop,Kedi,Kedi Maması,,,,,,,
Purina One Sığır Etli Kuru Kedi Maması 800 G,,https://www.migros.com.tr/purina-one-sigir-etli-kuru-kedi-mamasi-800-g-p-280bcbd,Pet Shop,Kedi,Kedi Maması,,,,,,,
Friskies Etli Kedi Maması 1.7 Kg,,https://www.migros.com.tr/friskies-etli-kedi-mamasi-17-kg-p-271feb4,Pet Shop,Kedi,Kedi Maması,,,,,,,
Whiskas Kuru Tavuklu 3.8 Kg,,https://www.migros.com.tr/whiskas-kuru-tavuklu-38-kg-p-8a8568,Pet Shop,Kedi,Kedi Maması,,,,,,,
Friskies Yavru Kedi 300 G,,https://www.migros.com.tr/friskies-yavru-kedi-300-g-p-271fe6f,Pet Shop,Kedi,Kedi Maması,,,,,,,
Bestpet Somonlu Kısırlaştırılmış Kedi Pouch 85 G,,https://www.migros.com.tr/bestpet-somonlu-kisirlastirilmis-kedi-pouch-85-g-p-280bf3e,Pet Shop,Kedi,Kedi Maması,,,,,,,
Felix Kuru Kedi Maması Somonlu 375 G,,https://www.migros.com.tr/felix-kuru-kedi-mamasi-somonlu-375-g-p-280be8d,Pet Shop,Kedi,Kedi Maması,,,,,,,
Best Pet Tavuk Etli Yavru Kedi Mama Konserve 400G,,https://www.migros.com.tr/best-pet-tavuk-etli-yavru-kedi-mama-konserve-400g-p-280d98c,Pet Shop,Kedi,Kedi Maması,,,,,,,
Bestpet Tavuk Etli Kedi Konservesi 400 Gr,,https://www.migros.com.tr/bestpet-tavuk-etli-kedi-konservesi-400-gr-p-280d9cd,Pet Shop,Kedi,Kedi Maması,,,,,,,
Perfect Fit Yetişkin Tavuklu Kuru Mama 1.4 Kg,,https://www.migros.com.tr/perfect-fit-yetiskin-tavuklu-kuru-mama-14-kg-p-271ff58,Pet Shop,Kedi,Kedi Maması,,,,,,,
Friskies Somonlu Yetişkin Kuru Kedi Maması 300 gr,,https://www.migros.com.tr/friskies-somonlu-yetiskin-kuru-kedi-mamasi-300-gr-p-271fe83,Pet Shop,Kedi,Kedi Maması,,,,,,,
Felix Lezzetli Dilimler Yaş Mama Ton Balıklı 80G,,https://www.migros.com.tr/felix-lezzetli-dilimler-yas-mama-ton-balikli-80g-p-280bbb9,Pet Shop,Kedi,Kedi Maması,,,,,,,
Dardanel Jazzy Kedi Maması Ton Balıklı 95 G,,https://www.migros.com.tr/dardanel-jazzy-kedi-mamasi-ton-balikli-95-g-p-271ff5c,Pet Shop,Kedi,Kedi Maması,,,,,,,
Felix Sensation Etli Domatesli Yaş Mama 85G,,https://www.migros.com.tr/felix-sensation-etli-domatesli-yas-mama-85g-p-280beed,Pet Shop,Kedi,Kedi Maması,,,,,,,
Bonnie Balıklı Kedi Konservesi Sos İçinde 415 G,,https://www.migros.com.tr/bonnie-balikli-kedi-konservesi-sos-icinde-415-g-p-8a8d47,Pet Shop,Kedi,Kedi Maması,,,,,,,
Bonnie Ciğerli Kedi Konserve Sos İçinde 415 G,,https://www.migros.com.tr/bonnie-cigerli-kedi-konserve-sos-icinde-415-g-p-271fedd,Pet Shop,Kedi,Kedi Maması,,,,,,,
Bestpet Sığır Etli Yetişkin Kedi Konserve 400G,,https://www.migros.com.tr/bestpet-sigir-etli-yetiskin-kedi-konserve-400g-p-280d9c9,Pet Shop,Kedi,Kedi Maması,,,,,,,
Perfect Fit Yetişkin Tavuklu Kuru Mama 750 G,,https://www.migros.com.tr/perfect-fit-yetiskin-tavuklu-kuru-mama-750-g-p-271ff56,Pet Shop,Kedi,Kedi Maması,,,,,,,
Sheba Fresh & Fine Balık Seçkisi Yaş Mama 300 G (6x50G),,https://www.migros.com.tr/sheba-fresh-fine-balik-seckisi-yas-mama-300-g-6x50g-p-271ff71,Pet Shop,Kedi,Kedi Maması,,,,,,,
Felix Kuru Kedi Maması Sığır Etli Tavuklu 1.5 Kg,,https://www.migros.com.tr/felix-kuru-kedi-mamasi-sigir-etli-tavuklu-15-kg-p-280be8f,Pet Shop,Kedi,Kedi Maması,,,,,,,
Bestpet Premium Somonlu Kedi Pounch 85 G,,https://www.migros.com.tr/bestpet-premium-somonlu-kedi-pounch-85-g-p-271ff40,Pet Shop,Kedi,Kedi Maması,,,,,,,
Bestpet Somon Etli Yetişkin Kedi Konservesi 400G,,https://www.migros.com.tr/bestpet-somon-etli-yetiskin-kedi-konservesi-400g-p-280d9c8,Pet Shop,Kedi,Kedi Maması,,,,,,,
Sheba Fresh & Fine Kümes Hayvanları Yaş Mama 300 G (6x50G),,https://www.migros.com.tr/sheba-fresh-fine-kumes-hayvanlari-yas-mama-300-g-6x50g-p-271ff70,Pet Shop,Kedi,Kedi Maması,,,,,,,
Bestpet Kuzu Etli Yaş Yetişkin Kedi Maması 85G,,https://www.migros.com.tr/bestpet-kuzu-etli-yas-yetiskin-kedi-mamasi-85g-p-280d656,Pet Shop,Kedi,Kedi Maması,,,,,,,
Dardanel Jazzy Kedi Maması Tavuklu 95 G,,https://www.migros.com.tr/dardanel-jazzy-kedi-mamasi-tavuklu-95-g-p-271ff5b,Pet Shop,Kedi,Kedi Maması,,,,,,,
Bonnie Chicken Premium Adult Kuru Kedi Maması 500 G,,https://www.migros.com.tr/bonnie-chicken-premium-adult-kuru-kedi-mamasi-500-g-p-8aa8a9,Pet Shop,Kedi,Kedi Maması,,,,,,,
Bestpet Ton Balıklı&Hamsili Yetişkin Kedi Pouch 85 G,,https://www.migros.com.tr/bestpet-ton-baliklihamsili-yetiskin-kedi-pouch-85-g-p-280d657,Pet Shop,Kedi,Kedi Maması,,,,,,,
Sheba Fresh & Fine Et Seçkisi Yaş Mama 300 G (6x50G),,https://www.migros.com.tr/sheba-fresh-fine-et-seckisi-yas-mama-300-g-6x50g-p-271ff72,Pet Shop,Kedi,Kedi Maması,,,,,,,
Bestpet Ciğerli Kedi Pouch 85 G,,https://www.migros.com.tr/bestpet-cigerli-kedi-pouch-85-g-p-280bf3f,Pet Shop,Kedi,Kedi Maması,,,,,,,
Felix Lezzetli Dilimler Yaş Mama Tavuklu 80G,,https://www.migros.com.tr/felix-lezzetli-dilimler-yas-mama-tavuklu-80g-p-280bbb8,Pet Shop,Kedi,Kedi Maması,,,,,,,
Dardanel Jazzy Kedi Maması Etli 95 G,,https://www.migros.com.tr/dardanel-jazzy-kedi-mamasi-etli-95-g-p-271ff5a,Pet Shop,Kedi,Kedi Maması,,,,,,,
Felix Kuru Kedi Maması Somonlu 1.5 Kg,,https://www.migros.com.tr/felix-kuru-kedi-mamasi-somonlu-15-kg-p-280be89,Pet Shop,Kedi,Kedi Maması,,,,,,,
Bonnie Seafood Adult Kuru Kedi Maması 500 G,,https://www.migros.com.tr/bonnie-seafood-adult-kuru-kedi-mamasi-500-g-p-8aa8aa,Pet Shop,Kedi,Kedi Maması,,,,,,,
Purina One Sığır Etli Yetişkin Kedi Maması 1.5 Kg,,https://www.migros.com.tr/purina-one-sigir-etli-yetiskin-kedi-mamasi-15-kg-p-280bcbc,Pet Shop,Kedi,Kedi Maması,,,,,,,
"Bonnie Yavru Kedi Maması Tavuklu 1,5 Kg",,https://www.migros.com.tr/bonnie-yavru-kedi-mamasi-tavuklu-15-kg-p-271fefa,Pet Shop,Kedi,Kedi Maması,,,,,,,
Bestpet Premium Sığır Etli Pouch 85 G,,https://www.migros.com.tr/bestpet-premium-sigir-etli-pouch-85-g-p-271ff3d,Pet Shop,Kedi,Kedi Maması,,,,,,,
Bonnie Cocktail Adult Kuru Kedi Maması 500 G,,https://www.migros.com.tr/bonnie-cocktail-adult-kuru-kedi-mamasi-500-g-p-8aa8ab,Pet Shop,Kedi,Kedi Maması,,,,,,,
Bonnie Natural Premium Adult Kuru Kedi Maması 500 G,,https://www.migros.com.tr/bonnie-natural-premium-adult-kuru-kedi-mamasi-500-g-p-8aa8a8,Pet Shop,Kedi,Kedi Maması,,,,,,,
Ak Kedi Kumu İnce Taneli Marsilya Sabun Kokulu 5 L,,https://www.migros.com.tr/ak-kedi-kumu-ince-taneli-marsilya-sabun-kokulu-5-l-p-272d2f8,Pet Shop,Kedi,Kedi Kumu,,,,,,,
Mırmır Bentonit Ekstra Güçlü Kutu Kedi Kumu 5 Lt,,https://www.migros.com.tr/mirmir-bentonit-ekstra-guclu-kutu-kedi-kumu-5-lt-p-272d2f5,Pet Shop,Kedi,Kedi Kumu,,,,,,,
Gizmo Topaklanan İnce Taneli Kedi Kumu 5 L,,https://www.migros.com.tr/gizmo-topaklanan-ince-taneli-kedi-kumu-5-l-p-280bf13,Pet Shop,Kedi,Kedi Kumu,,,,,,,
Mırmır Bentonit Ultra Parfümlü Kutu Kedi Kumu 5L,,https://www.migros.com.tr/mirmir-bentonit-ultra-parfumlu-kutu-kedi-kumu-5l-p-272d2f7,Pet Shop,Kedi,Kedi Kumu,,,,,,,
"Bonnie Silica Kedi Kumu 3,6 L",,https://www.migros.com.tr/bonniesilica-kedi-kumu-36-l-p-272d2f4,Pet Shop,Kedi,Kedi Kumu,,,,,,,
Catwalk Premium Baby Powder Kedi Kumu 5L,,https://www.migros.com.tr/catwalk-premium-baby-powder-kedi-kumu-5l-p-280cd99,Pet Shop,Kedi,Kedi Kumu,,,,,,,
Doğalsan Bastet Kedi Kumu 8 L,,https://www.migros.com.tr/dogalsan-bastet-kedi-kumu-8-l-p-272d2ff,Pet Shop,Kedi,Kedi Kumu,,,,,,,
Catwalk Premium Marsilya Sabunlu Kedi Kumu 10 L,,https://www.migros.com.tr/catwalk-premium-marsilya-sabunlu-kedi-kumu-10-l-p-280cd9c,Pet Shop,Kedi,Kedi Kumu,,,,,,,
Catwalk Premium Cat Litter Kedi Kumu 5 L,,https://www.migros.com.tr/catwalk-premium-cat-litter-kedi-kumu-5-l-p-280cd97,Pet Shop,Kedi,Kedi Kumu,,,,,,,
Catwalk Premium Baby Powder Kedi Kumu 10 L,,https://www.migros.com.tr/catwalk-premium-baby-powder-kedi-kumu-10-l-p-280cd9a,Pet Shop,Kedi,Kedi Kumu,,,,,,,
Catwalk Premium Marsilya Sabunlu Kedi Kumu 5 L,,https://www.migros.com.tr/catwalk-premium-marsilya-sabunlu-kedi-kumu-5-l-p-280cd9b,Pet Shop,Kedi,Kedi Kumu,,,,,,,
Catwalk Premium Cat Litter Kedi Kumu 10 L,,https://www.migros.com.tr/catwalk-premium-cat-litter-kedi-kumu-10-l-p-280cd98,Pet Shop,Kedi,Kedi Kumu,,,,,,,
Dreamies Ördekli Kedi Ödül Maması 60 G,,https://www.migros.com.tr/dreamies-ordekli-kedi-odul-mamasi-60-g-p-27215aa,Pet Shop,Kedi,Kedi Ödül Maması,,,,,,,
Dreamies Tavuklu Kedi Ödül Maması 60 G,,https://www.migros.com.tr/dreamies-tavuklu-kedi-odul-mamasi-60-g-p-27215a9,Pet Shop,Kedi,Kedi Ödül Maması,,,,,,,
Dreamies Somonlu Kedi Ödül Maması 60 G,,https://www.migros.com.tr/dreamies-somonlu-kedi-odul-mamasi-60-g-p-27215a7,Pet Shop,Kedi,Kedi Ödül Maması,,,,,,,
Dreamies Peynirli Kedi Ödül Maması 60 G,,https://www.migros.com.tr/dreamies-peynirli-kedi-odul-mamasi-60-g-p-27215a8,Pet Shop,Kedi,Kedi Ödül Maması,,,,,,,
Felix Party Mix Okyanus Lezzetleri Ödül Maması 60G,,https://www.migros.com.tr/felix-party-mix-okyanus-lezzetleri-odul-mamasi-60g-p-280be85,Pet Shop,Kedi,Kedi Ödül Maması,,,,,,,
Dreamies Mega Somonlu 180 G Kedi Ödül Maması,,https://www.migros.com.tr/dreamies-mega-somonlu-180-g-kedi-odul-mamasi-p-27215c1,Pet Shop,Kedi,Kedi Ödül Maması,,,,,,,
Felix Party Mix Piknik Lezzetleri Ödül Maması 60G,,https://www.migros.com.tr/felix-party-mix-piknik-lezzetleri-odul-mamasi-60g-p-280be86,Pet Shop,Kedi,Kedi Ödül Maması,,,,,,,
Felix Party Mix Orijinal Lezzetler Ödül Maması 60G,,https://www.migros.com.tr/felix-party-mix-orijinal-lezzetler-odul-mamasi-60g-p-280be88,Pet Shop,Kedi,Kedi Ödül Maması,,,,,,,
Felix Party Mix Peynirli Ödül Maması 60 G,,https://www.migros.com.tr/felix-party-mix-peynirli-odul-mamasi-60-g-p-280be8b,Pet Shop,Kedi,Kedi Ödül Maması,,,,,,,
Dreamies Sığırlı ve Peynirli Kedi Ödül Maması 60 G,,https://www.migros.com.tr/dreamies-sigirli-ve-peynirli-kedi-odul-mamasi-60-g-p-280c09d,Pet Shop,Kedi,Kedi Ödül Maması,,,,,,,
Dreamies Somonlu ve Peynirli Kedi Ödül Maması 60 G,,https://www.migros.com.tr/dreamies-somonlu-ve-peynirli-kedi-odul-mamasi-60-g-p-280c09e,Pet Shop,Kedi,Kedi Ödül Maması,,,,,,,
Pedigree Sığırlı Konserve Yaş Mama 400 G,,https://www.migros.com.tr/pedigree-sigirli-konserve-yas-mama-400-g-p-8a65ce,Pet Shop,Köpek,Köpek Maması,,,,,,,
Dost Pati Köpek Maması Kuzu Etli,,https://www.migros.com.tr/dost-pati-kopek-mamasi-kuzu-etli-p-271ff06,Pet Shop,Köpek,Köpek Maması,,,,,,,
Pedigree Küçük Köpek Biftekli Ve Sebzeli 2 Kg,,https://www.migros.com.tr/pedigree-kucuk-kopek-biftekli-ve-sebzeli-2-kg-p-271fe9c,Pet Shop,Köpek,Köpek Maması,,,,,,,
Pedigree Tavuklu Konserve Yaş Mama 400 G,,https://www.migros.com.tr/pedigree-tavuklu-konserve-yas-mama-400-g-p-271fe12,Pet Shop,Köpek,Köpek Maması,,,,,,,
Pedigree Yavru Konserve Yaş Mama 400 G,,https://www.migros.com.tr/pedigree-yavru-konserve-yas-mama-400-g-p-8a65d0,Pet Shop,Köpek,Köpek Maması,,,,,,,
Pedigree Pouch Biftekli 100 G,,https://www.migros.com.tr/pedigree-pouch-biftekli-100-g-p-8a854b,Pet Shop,Köpek,Köpek Maması,,,,,,,
Bestpet Kuzu Etli Yaş Köpek Maması 100 G,,https://www.migros.com.tr/bestpet-kuzu-etli-yas-kopek-mamasi-100-g-p-280d655,Pet Shop,Köpek,Köpek Maması,,,,,,,
Croque Yavru Köpek Kuzulu 3 Kg,,https://www.migros.com.tr/croque-yavru-kopek-kuzulu-3-kg-p-271fee8,Pet Shop,Köpek,Köpek Maması,,,,,,,
Pedigree Pouch 4'lü Paket Etli Seçenekleri 4x100 G,,https://www.migros.com.tr/pedigree-pouch-4lu-paket-etli-secenekleri-4x100-g-p-8a854c,Pet Shop,Köpek,Köpek Maması,,,,,,,
Friskies Etli Aktif Köpek 10 Kg,,https://www.migros.com.tr/friskies-etli-aktif-kopek-10-kg-p-271fe7a,Pet Shop,Köpek,Köpek Maması,,,,,,,
Pedigree Biftekli Kuru Mama 2.6 Kg,,https://www.migros.com.tr/pedigree-biftekli-kuru-mama-26-kg-p-8a6722,Pet Shop,Köpek,Köpek Maması,,,,,,,
Joker Köpek Maması Tavuk Etli 15 Kg,,https://www.migros.com.tr/joker-kopek-mamasi-tavuk-etli-15-kg-p-271feab,Pet Shop,Köpek,Köpek Maması,,,,,,,
Pedigree Yavru Kuru Mama 3 Kg,,https://www.migros.com.tr/pedigree-yavru-kuru-mama-3-kg-p-8a9dae,Pet Shop,Köpek,Köpek Maması,,,,,,,
Friskies Tavuklu Ve Havuçlu Köpek Pouch 100 G,,https://www.migros.com.tr/friskies-tavuklu-ve-havuclu-kopek-pouch-100-g-p-280d3ba,Pet Shop,Köpek,Köpek Maması,,,,,,,
Bonnie Köpek Kuru Mama Yetişkin Beef 15 Kg,,https://www.migros.com.tr/bonnie-kopek-kuru-mama-yetiskin-beef-15-kg-p-8a8574,Pet Shop,Köpek,Köpek Maması,,,,,,,
Friskies Mini Menu Dog Me&veg 1.5 Kg,,https://www.migros.com.tr/friskies-mini-menu-dog-meveg-15-kg-p-271fee1,Pet Shop,Köpek,Köpek Maması,,,,,,,
Bonnie Daily Crunch 15 Kg,,https://www.migros.com.tr/bonnie-daily-crunch-15-kg-p-8a8570,Pet Shop,Köpek,Köpek Maması,,,,,,,
Friskies Junior Tavuklu Havuçlu Köpek Pouch 100 G,,https://www.migros.com.tr/friskies-junior-tavuklu-havuclu-kopek-pouch-100-g-p-280d3bb,Pet Shop,Köpek,Köpek Maması,,,,,,,
Pedigree Yavru Tavuklu Kuru Mama 500 G,,https://www.migros.com.tr/pedigree-yavru-tavuklu-kuru-mama-500-g-p-8a9db5,Pet Shop,Köpek,Köpek Maması,,,,,,,
Bestpet Kuzu Etli Yetişkin Köpek Konservesi 400G,,https://www.migros.com.tr/bestpet-kuzu-etli-yetiskin-kopek-konservesi-400g-p-280d9cb,Pet Shop,Köpek,Köpek Maması,,,,,,,
Purina One Jr. Küçük Irk Köpekler İçin Tavuklu 800G,,https://www.migros.com.tr/purina-one-jr-kucuk-irk-kopekler-icin-tavuklu-800g-p-280be14,Pet Shop,Köpek,Köpek Maması,,,,,,,
Bonnie Köpek Konserve 400 G Tavuklu,,https://www.migros.com.tr/bonnie-kopek-konserve-400-g-tavuklu-p-271fedb,Pet Shop,Köpek,Köpek Maması,,,,,,,
Goody Yetişkin (Adult) Köpek Maması 15 Kg,,https://www.migros.com.tr/goody-yetiskin-adult-kopek-mamasi-15-kg-p-280be81,Pet Shop,Köpek,Köpek Maması,,,,,,,
"Bonnie Kuru Mama Mini&Small Tavuklu 2,5 Kg",,https://www.migros.com.tr/bonnie-kuru-mama-minismall-tavuklu-25-kg-p-8a8573,Pet Shop,Köpek,Köpek Maması,,,,,,,
Goody Kuzu Etli&Pirinçli Yetişkin Köpek Maması 15 Kg,,https://www.migros.com.tr/goody-kuzu-etlipirincli-yetiskin-kopek-mamasi-15-kg-p-280bc16,Pet Shop,Köpek,Köpek Maması,,,,,,,
Dardanel Jazzy Köpek Maması Ton Balıklı 400 G,,https://www.migros.com.tr/dardanel-jazzy-kopek-mamasi-ton-balikli-400-g-p-271ff5f,Pet Shop,Köpek,Köpek Maması,,,,,,,
Dardanel Jazzy Köpek Maması Tavuklu 400 G,,https://www.migros.com.tr/dardanel-jazzy-kopek-mamasi-tavuklu-400-g-p-271ff5e,Pet Shop,Köpek,Köpek Maması,,,,,,,
Dardanel Jazzy Köpek Maması Etli 400 G,,https://www.migros.com.tr/dardanel-jazzy-kopek-mamasi-etli-400-g-p-271ff5d,Pet Shop,Köpek,Köpek Maması,,,,,,,
Pedigree Rodeo Çiğneme Çerezi 70 G,,https://www.migros.com.tr/pedigree-rodeo-cigneme-cerezi-70-g-p-8a7d48,Pet Shop,Köpek,Köpek Ödül Maması,,,,,,,
Pedigree Biscrok Ödül Bisküvisi 500 G,,https://www.migros.com.tr/pedigree-biscrok-odul-biskuvisi-500-g-p-272159c,Pet Shop,Köpek,Köpek Ödül Maması,,,,,,,
Pedigree Biscrock Ödül Bisküvisi 200 G,,https://www.migros.com.tr/pedigree-biscrock-odul-biskuvisi-200-g-p-8a7d4d,Pet Shop,Köpek,Köpek Ödül Maması,,,,,,,
Pedigree Dentastix 7'li Ödül Maması 270 G,,https://www.migros.com.tr/pedigree-dentastix-7li-odul-mamasi-270-g-p-271c4dd,Pet Shop,Köpek,Köpek Ödül Maması,,,,,,,
Pedigree Jumbone Sığır Etli Ödül Maması 160 G,,https://www.migros.com.tr/pedigree-jumbone-sigir-etli-odul-mamasi-160-g-p-8a8539,Pet Shop,Köpek,Köpek Ödül Maması,,,,,,,
Pedigree Markies Ödül Maması 150 G,,https://www.migros.com.tr/pedigree-markies-odul-mamasi-150-g-p-8a7d4b,Pet Shop,Köpek,Köpek Ödül Maması,,,,,,,
Pedigree Dentastix 7'li Ödül Maması 180 G,,https://www.migros.com.tr/pedigree-dentastix-7li-odul-mamasi-180-g-p-2721580,Pet Shop,Köpek,Köpek Ödül Maması,,,,,,,
Pedigree Dentastix 7'li Ödül Maması 110 G,,https://www.migros.com.tr/pedigree-dentastix-7li-odul-mamasi-110-g-p-272157f,Pet Shop,Köpek,Köpek Ödül Maması,,,,,,,
Pedigree Dentastix 3'lü Ödül Maması 77 G,,https://www.migros.com.tr/pedigree-dentastix-3lu-odul-mamasi-77-g-p-27215a6,Pet Shop,Köpek,Köpek Ödül Maması,,,,,,,
Pedigree Jumbone Sığır Etli Ödül Maması 180 G,,https://www.migros.com.tr/pedigree-jumbone-sigir-etli-odul-mamasi-180-g-p-27215bc,Pet Shop,Köpek,Köpek Ödül Maması,,,,,,,
Pedigree Ranchos Sığır Etli Ödül Maması 70 G,,https://www.migros.com.tr/pedigree-ranchos-sigir-etli-odul-mamasi-70-g-p-271ff09,Pet Shop,Köpek,Köpek Ödül Maması,,,,,,,
Bonnie Dentabone Pres Kemik,,https://www.migros.com.tr/bonnie-dentabone-pres-kemik-p-8a850a,Pet Shop,Köpek,Köpek Ödül Maması,,,,,,,
Pedigree Dentastix 3'lü Ödül Maması 45 G,,https://www.migros.com.tr/pedigree-dentastix-3lu-odul-mamasi-45-g-p-27215a5,Pet Shop,Köpek,Köpek Ödül Maması,,,,,,,
Bonnie Dentabone Press Kemik 3 Natural,,https://www.migros.com.tr/bonnie-dentabone-press-kemik-3-natural-p-2721593,Pet Shop,Köpek,Köpek Ödül Maması,,,,,,,
Bonnie Dentabone Burgu Çubuk,,https://www.migros.com.tr/bonnie-dentabone-burgu-cubuk-p-8a84ff,Pet Shop,Köpek,Köpek Ödül Maması,,,,,,,
Bonnie Dentabone Munchy Çubuk,,https://www.migros.com.tr/bonnie-dentabone-munchy-cubuk-p-8a8508,Pet Shop,Köpek,Köpek Ödül Maması,,,,,,,
Bonnie Dentabone Munchy Kemik,,https://www.migros.com.tr/bonnie-dentabone-munchy-kemik-p-8a8509,Pet Shop,Köpek,Köpek Ödül Maması,,,,,,,
Petvital Organik Köpek Ödül Maması Sausage 100 G,,https://www.migros.com.tr/petvital-organik-kopek-odul-mamasi-sausage-100-g-p-27215bf,Pet Shop,Köpek,Köpek Ödül Maması,,,,,,,
Bonnie 3'Lü Bal Aromalı Kraker 105 G,,https://www.migros.com.tr/bonnie-3lu-bal-aromali-kraker-105-g-p-27261bd,Pet Shop,Kuş,Kuş Yemi,,,,,,,
Bonnie Kanarya Yemi 500 G,,https://www.migros.com.tr/bonnie-kanarya-yemi-500-g-p-8ab443,Pet Shop,Kuş,Kuş Yemi,,,,,,,
Bonnie Papağan Yemi 700 G,,https://www.migros.com.tr/bonnie-papagan-yemi-700-g-p-8ab439,Pet Shop,Kuş,Kuş Yemi,,,,,,,
Bonnie Tavşan Ve Kemirgen Yemi 750 G,,https://www.migros.com.tr/bonnie-tavsan-ve-kemirgen-yemi-750-g-p-8acf2a,Pet Shop,Kuş,Kuş Yemi,,,,,,,
Koroplast Kedi Kumu Poşeti,,https://www.migros.com.tr/koroplast-kedi-kumu-poseti-p-27575b6,Pet Shop,Pet Aksesuarları,,,,,,,,
Petcraft Köpek Diş Halatı Toplu,,https://www.migros.com.tr/petcraft-kopek-dis-halati-toplu-p-27575d9,Pet Shop,Pet Aksesuarları,,,,,,,,
Hipet Kenevir Özlü Pati ve Burun Balmı 5G,,https://www.migros.com.tr/hipet-kenevir-ozlu-pati-ve-burun-balmi-5g-p-272d309,Pet Shop,Pet Aksesuarları,,,,,,,,
Petcraft Araç Arka Koltuk Kılıfı,,https://www.migros.com.tr/petcraft-arac-arka-koltuk-kilifi-p-27575da,Pet Shop,Pet Aksesuarları,,,,,,,,
Petcraft Gezdirme Kayışı 100X3 Cm Xl,,https://www.migros.com.tr/petcraft-gezdirme-kayisi-100x3-cm-xl-p-27575e1,Pet Shop,Pet Aksesuarları,,,,,,,,
Hipet Kuru Şampuan 150 Ml,,https://www.migros.com.tr/hipet-kuru-sampuan-150-ml-p-272d304,Pet Shop,Pet Aksesuarları,,,,,,,,
Petcraft Kedi Oltası Oyuncaklı,,https://www.migros.com.tr/petcraft-kedi-oltasi-oyuncakli-p-27575e2,Pet Shop,Pet Aksesuarları,,,,,,,,
Deepfresh Evcil Hayvan Yıkama Şampuanı 500 Ml,,https://www.migros.com.tr/deepfresh-evcil-hayvan-yikama-sampuani-500-ml-p-2757615,Pet Shop,Pet Aksesuarları,,,,,,,,
Flexi Köpek Alıştırma Pedi 10'lu,,https://www.migros.com.tr/flexi-kopek-alistirma-pedi-10lu-p-27575d7,Pet Shop,Pet Aksesuarları,,,,,,,,
Petcraft Köpek Topu L,,https://www.migros.com.tr/petcraft-kopek-topu-l-p-2757604,Pet Shop,Pet Aksesuarları,,,,,,,,
Petcraft Scubba Body Collar Small - Tasma,,https://www.migros.com.tr/petcraft-scubba-body-collar-small-tasma-p-271c4f0,Pet Shop,Pet Aksesuarları,,,,,,,,
Petcraft Lüx Deri Boyun Tasma Small,,https://www.migros.com.tr/petcraft-lux-deri-boyun-tasma-small-p-271c4ec,Pet Shop,Pet Aksesuarları,,,,,,,,
Petcraft Gezdirme Kayışı 120X2 Cm S-M,,https://www.migros.com.tr/petcraft-gezdirme-kayisi-120x2-cm-s-m-p-27575e0,Pet Shop,Pet Aksesuarları,,,,,,,,
Petcraft Köpek Bandana,,https://www.migros.com.tr/petcraft-kopek-bandana-p-280d641,Pet Shop,Pet Aksesuarları,,,,,,,,
Petcraft Lüx Boyun Tasması Gezdirme Kayışı M,,https://www.migros.com.tr/petcraft-lux-boyun-tasmasi-gezdirme-kayisi-m-p-271c4ea,Pet Shop,Pet Aksesuarları,,,,,,,,
Petcraft Neon Göğüs Tasması X Large,,https://www.migros.com.tr/petcraft-neon-gogus-tasmasi-x-large-p-27575f8,Pet Shop,Pet Aksesuarları,,,,,,,,
Petcraft Kemik & Diş Kaşıma İpi 2023,,https://www.migros.com.tr/petcraft-kemik-dis-kasima-ipi-2023-p-280d642,Pet Shop,Pet Aksesuarları,,,,,,,,
Petcraft Diş Kaşıma Kemiği,,https://www.migros.com.tr/petcraft-dis-kasima-kemigi-p-27575dc,Pet Shop,Pet Aksesuarları,,,,,,,,
Puppet Ayarlı Boyun Tasması Small,,https://www.migros.com.tr/puppet-ayarli-boyun-tasmasi-small-p-27575e8,Pet Shop,Pet Aksesuarları,,,,,,,,
Puppet Ayarlı Boyun Tasması Large,,https://www.migros.com.tr/puppet-ayarli-boyun-tasmasi-large-p-27575ea,Pet Shop,Pet Aksesuarları,,,,,,,,
Petcraft Lüx Deri Boyun Tasma Large,,https://www.migros.com.tr/petcraft-lux-deri-boyun-tasma-large-p-271c4ed,Pet Shop,Pet Aksesuarları,,,,,,,,
Puppet Ayarlı Boyun Tasması Medium,,https://www.migros.com.tr/puppet-ayarli-boyun-tasmasi-medium-p-27575e9,Pet Shop,Pet Aksesuarları,,,,,,,,
Petcraft Su Geçirmez Köpek Oyuncağı Kemik,,https://www.migros.com.tr/petcraft-su-gecirmez-kopek-oyuncagi-kemik-p-275760d,Pet Shop,Pet Aksesuarları,,,,,,,,
Petcraft Su Geçirmez Köpek Oyuncağı Stıck,,https://www.migros.com.tr/petcraft-su-gecirmez-kopek-oyuncagi-stick-p-275760e,Pet Shop,Pet Aksesuarları,,,,,,,,
Petcraft Kedi Oyun Çemberi,,https://www.migros.com.tr/petcraft-kedi-oyun-cemberi-p-27575f1,Pet Shop,Pet Aksesuarları,,,,,,,,
Petcraft Dumbell Kemik,,https://www.migros.com.tr/petcraft-dumbell-kemik-p-275760b,Pet Shop,Pet Aksesuarları,,,,,,,,
Cook Evcil Hayvan Kaka Torbası 30'lu Rulo 25X28 Cm,,https://www.migros.com.tr/cook-evcil-hayvan-kaka-torbasi-30lu-rulo-25x28-cm-p-27575e4,Pet Shop,Pet Aksesuarları,,,,,,,,
Petcraft Gezdirme Kayışı Çantalı,,https://www.migros.com.tr/petcraft-gezdirme-kayisi-cantali-p-271c4ee,Pet Shop,Pet Aksesuarları,,,,,,,,
Petcraft Barış Kemiği,,https://www.migros.com.tr/petcraft-baris-kemigi-p-27575f3,Pet Shop,Pet Aksesuarları,,,,,,,,
Petcraft Köpek Şişme Mont S,,https://www.migros.com.tr/petcraft-kopek-sisme-mont-s-p-2757607,Pet Shop,Pet Aksesuarları,,,,,,,,
Petcraft Neon Göğüs Tasma Large,,https://www.migros.com.tr/petcraft-neon-gogus-tasma-large-p-27575f7,Pet Shop,Pet Aksesuarları,,,,,,,,
Petcraft Kedi Kaşınma Aparatı,,https://www.migros.com.tr/petcraft-kedi-kasinma-aparati-p-280da9e,Pet Shop,Pet Aksesuarları,,,,,,,,
Petcraft Neon Göğüs Tasma Small,,https://www.migros.com.tr/petcraft-neon-gogus-tasma-small-p-27575f5,Pet Shop,Pet Aksesuarları,,,,,,,,
Deepfresh Evcil Hayvan Temizleme Mendili 80'li,,https://www.migros.com.tr/deepfresh-evcil-hayvan-temizleme-mendili-80li-p-2757613,Pet Shop,Pet Aksesuarları,,,,,,,,
Petcraft 21Oyun Kemiği,,https://www.migros.com.tr/petcraft-21oyun-kemigi-p-27575db,Pet Shop,Pet Aksesuarları,,,,,,,,
Hipet Kıtık Açıcı Kolay Tarama Spreyi 120 Ml,,https://www.migros.com.tr/hipet-kitik-acici-kolay-tarama-spreyi-120-ml-p-272d303,Pet Shop,Pet Aksesuarları,,,,,,,,
Petcraft Neon Göğüs Tasma Medium,,https://www.migros.com.tr/petcraft-neon-gogus-tasma-medium-p-27575f6,Pet Shop,Pet Aksesuarları,,,,,,,,
"Evohe Kyane Kedi Mama Su Kabı Mix 2X0,25 L",,https://www.migros.com.tr/evohe-kyane-kedi-mama-su-kabi-mix-2x025-l-p-27575e7,Pet Shop,Pet Aksesuarları,,,,,,,,
Petcraft Fareli Tel Top,,https://www.migros.com.tr/petcraft-fareli-tel-top-p-280da9d,Pet Shop,Pet Aksesuarları,,,,,,,,
Hipet Tamanu Yağlı Pati Stıck 5G,,https://www.migros.com.tr/hipet-tamanu-yagli-pati-stick-5g-p-272d30a,Pet Shop,Pet Aksesuarları,,,,,,,,
"Evohe Kedi Mama Kabı XL Mix 0,7 L",,https://www.migros.com.tr/evohe-kedi-mama-kabi-xl-mix-07-l-p-27575e5,Pet Shop,Pet Aksesuarları,,,,,,,,
Hipet Arındırıcı Şampuan 200 Ml,,https://www.migros.com.tr/hipet-arindirici-sampuan-200-ml-p-272d306,Pet Shop,Pet Aksesuarları,,,,,,,,
Petcraft Kedi Köpek Taşıma Çantası Küçük,,https://www.migros.com.tr/petcraft-kedi-kopek-tasima-cantasi-kucuk-p-27575ef,Pet Shop,Pet Aksesuarları,,,,,,,,
Petcraft Köpek Şişme Mont L,,https://www.migros.com.tr/petcraft-kopek-sisme-mont-l-p-2757609,Pet Shop,Pet Aksesuarları,,,,,,,,
Petcraft Tüylü Hasır Top,,https://www.migros.com.tr/petcraft-tuylu-hasir-top-p-27575df,Pet Shop,Pet Aksesuarları,,,,,,,,
Hipet Pati Temizleme Köpüğü 150 Ml,,https://www.migros.com.tr/hipet-pati-temizleme-kopugu-150-ml-p-272d30d,Pet Shop,Pet Aksesuarları,,,,,,,,
Petcraft Naturel Çam Kedi Oyuncak,,https://www.migros.com.tr/petcraft-naturel-cam-kedi-oyuncak-p-2757617,Pet Shop,Pet Aksesuarları,,,,,,,,
Petcraft Tasma Künye,,https://www.migros.com.tr/petcraft-tasma-kunye-p-2757619,Pet Shop,Pet Aksesuarları,,,,,,,,
Petcraft Tüylü Kedi Topu,,https://www.migros.com.tr/petcraft-tuylu-kedi-topu-p-2757618,Pet Shop,Pet Aksesuarları,,,,,,,,
Petcraft Ses Çıkaran Eğitim Topu,,https://www.migros.com.tr/petcraft-ses-cikaran-egitim-topu-p-27575f2,Pet Shop,Pet Aksesuarları,,,,,,,,
Petcraft Çift Kemik,,https://www.migros.com.tr/petcraft-cift-kemik-p-27575f4,Pet Shop,Pet Aksesuarları,,,,,,,,
Petcraft Pati Desenli Tenis Topu 3'lü,,https://www.migros.com.tr/petcraft-pati-desenli-tenis-topu-3lu-p-280da98,Pet Shop,Pet Aksesuarları,,,,,,,,
Petcraft Kedi Tırmalama (Oyuncaklı),,https://www.migros.com.tr/petcraft-kedi-tirmalama-oyuncakli-p-27575de,Pet Shop,Pet Aksesuarları,,,,,,,,
Cook Evcil Hayvan Kaka Torbası Yedeği 30'lu Rulo,,https://www.migros.com.tr/cook-evcil-hayvan-kaka-torbasi-yedegi-30lu-rulo-p-27575e3,Pet Shop,Pet Aksesuarları,,,,,,,,
